Folder,Filename,Result
bench1,f1,Realizable
bench1,f2,Realizable
bench1,f3,Realizable
bench1,f4,Unrealizable
bench1,f5,Realizable
bench1,f6,Realizable
bench1,f7,Unrealizable
bench1,f8,Realizable
bench1,f9,Realizable
bench1,f10,Realizable
bench1,f11,Realizable
bench1,f12,Unrealizable
bench1,f13,Unrealizable
bench1,f14,Realizable
bench1,f15,Unrealizable
bench1,f16,Realizable
bench1,f17,Unrealizable
bench1,f18,Realizable
bench1,f19,Realizable
bench1,f20,Unrealizable
bench1,f21,Realizable
bench1,f22,Realizable
bench1,f23,Realizable
bench1,f24,Unrealizable
bench1,f25,Unrealizable
bench1,f26,Realizable
bench1,f27,Realizable
bench1,f28,Realizable
bench1,f29,Realizable
bench1,f30,Unrealizable
bench1,f31,Realizable
bench1,f32,Realizable
bench1,f33,Realizable
bench1,f34,Unrealizable
bench1,f35,Realizable
bench1,f36,Realizable
bench1,f37,Realizable
bench1,f38,Realizable
bench1,f39,Realizable
bench1,f40,Realizable
bench1,f41,Realizable
bench1,f42,Realizable
bench1,f43,Realizable
bench1,f44,Unrealizable
bench1,f45,Unrealizable
bench1,f46,Unrealizable
bench1,f47,Realizable
bench1,f48,Realizable
bench1,f49,Realizable
bench1,f50,Realizable
bench1,f51,Realizable
bench1,f52,Realizable
bench1,f53,Unrealizable
bench1,f54,Realizable
bench1,f55,Realizable
bench1,f56,Unrealizable
bench1,f57,Realizable
bench1,f58,Realizable
bench1,f59,Realizable
bench1,f60,Unrealizable
bench1,f61,Realizable
bench1,f62,Realizable
bench1,f63,Realizable
bench1,f64,Realizable
bench1,f65,Realizable
bench1,f66,Realizable
bench1,f67,Unrealizable
bench1,f68,Unrealizable
bench1,f69,Realizable
bench1,f70,Realizable
bench1,f71,Unrealizable
bench1,f72,Unrealizable
bench1,f73,Realizable
bench1,f74,Realizable
bench1,f75,Unrealizable
bench1,f76,Realizable
bench1,f77,Realizable
bench1,f78,Realizable
bench1,f79,Unrealizable
bench1,f80,Realizable
bench1,f81,Realizable
bench1,f82,Realizable
bench1,f83,Realizable
bench1,f84,Realizable
bench1,f85,Realizable
bench1,f86,Realizable
bench1,f87,Realizable
bench1,f88,Unrealizable
bench1,f89,Realizable
bench1,f90,Realizable
bench1,f91,Unrealizable
bench1,f92,Realizable
bench1,f93,Realizable
bench1,f94,Realizable
bench1,f95,Unrealizable
bench1,f96,Realizable
bench1,f97,Realizable
bench1,f98,Realizable
bench1,f99,Unrealizable
bench1,f100,Realizable
bench1,f101,Realizable
bench1,f102,Realizable
bench1,f103,Unrealizable
bench1,f104,Unrealizable
bench1,f105,Realizable
bench1,f106,Realizable
bench1,f107,Realizable
bench1,f108,Realizable
bench1,f109,Realizable
bench1,f110,Realizable
bench1,f111,Realizable
bench1,f112,Unrealizable
bench1,f113,Realizable
bench1,f114,Unrealizable
bench1,f115,Unrealizable
bench1,f116,Realizable
bench1,f117,Realizable
bench1,f118,Unrealizable
bench1,f119,Realizable
bench1,f120,Unrealizable
bench1,f121,Realizable
bench1,f122,Realizable
bench1,f123,Realizable
bench1,f124,Realizable
bench1,f125,Realizable
bench1,f126,Realizable
bench1,f127,Realizable
bench1,f128,Realizable
bench1,f129,Unrealizable
bench1,f130,Realizable
bench1,f131,Realizable
bench1,f132,Realizable
bench1,f133,Unrealizable
bench1,f134,Realizable
bench1,f135,Unrealizable
bench1,f136,Realizable
bench1,f137,Unrealizable
bench1,f138,Unrealizable
bench1,f139,Realizable
bench1,f140,Realizable
bench1,f141,Unrealizable
bench1,f142,Unrealizable
bench1,f143,Realizable
bench1,f144,Realizable
bench1,f145,Realizable
bench1,f146,Realizable
bench1,f147,Unrealizable
bench1,f148,Unrealizable
bench1,f149,Realizable
bench1,f150,Realizable
bench1,f151,Realizable
bench1,f152,Realizable
bench1,f153,Realizable
bench1,f154,Unrealizable
bench1,f155,Realizable
bench1,f156,Realizable
bench1,f157,Realizable
bench1,f158,Unrealizable
bench1,f159,Unrealizable
bench1,f160,Realizable
bench1,f161,Realizable
bench1,f162,Realizable
bench1,f163,Realizable
bench1,f164,Realizable
bench1,f165,Realizable
bench1,f166,Realizable
bench1,f167,Unrealizable
bench1,f168,Realizable
bench1,f169,Unrealizable
bench1,f170,Unrealizable
bench1,f171,Realizable
bench1,f172,Unrealizable
bench1,f173,Realizable
bench1,f174,Realizable
bench1,f175,Realizable
bench1,f176,Realizable
bench1,f177,Realizable
bench1,f178,Realizable
bench1,f179,Realizable
bench1,f180,Realizable
bench1,f181,Realizable
bench1,f182,Unrealizable
bench1,f183,Realizable
bench1,f184,Unrealizable
bench1,f185,Realizable
bench1,f186,Realizable
bench1,f187,Unrealizable
bench1,f188,Realizable
bench1,f189,Realizable
bench1,f190,Realizable
bench1,f191,Realizable
bench1,f192,Realizable
bench1,f193,Realizable
bench1,f194,Unrealizable
bench1,f195,Realizable
bench1,f196,Realizable
bench1,f197,Realizable
bench1,f198,Realizable
bench1,f199,Realizable
bench1,f200,Realizable
bench1,f201,Realizable
bench1,f202,Unrealizable
bench1,f203,Realizable
bench1,f204,Realizable
bench1,f205,Unrealizable
bench1,f206,Realizable
bench1,f207,Realizable
bench1,f208,Unrealizable
bench1,f209,Unrealizable
bench1,f210,Unrealizable
bench1,f211,Realizable
bench1,f212,Realizable
bench1,f213,Unrealizable
bench1,f214,Realizable
bench1,f215,Realizable
bench1,f216,Realizable
bench1,f217,Realizable
bench1,f218,Realizable
bench1,f219,Realizable
bench1,f220,Realizable
bench1,f221,Unrealizable
bench1,f222,Unrealizable
bench1,f223,Realizable
bench1,f224,Unrealizable
bench1,f225,Realizable
bench1,f226,Realizable
bench1,f227,Realizable
bench1,f228,Realizable
bench1,f229,Unrealizable
bench1,f230,Realizable
bench1,f231,Realizable
bench1,f232,Realizable
bench1,f233,Realizable
bench1,f234,Unrealizable
bench1,f235,Realizable
bench1,f236,Realizable
bench1,f237,Realizable
bench1,f238,Realizable
bench1,f239,Realizable
bench1,f240,Realizable
bench1,f241,Realizable
bench1,f242,Realizable
bench1,f243,Realizable
bench1,f244,Realizable
bench1,f245,Unrealizable
bench1,f246,Realizable
bench1,f247,Unrealizable
bench1,f248,Realizable
bench1,f249,Realizable
bench1,f250,Realizable
bench1,f251,Realizable
bench1,f252,Realizable
bench1,f253,Unrealizable
bench1,f254,Realizable
bench1,f255,Unrealizable
bench1,f256,Unrealizable
bench1,f257,Realizable
bench1,f258,Realizable
bench1,f259,Realizable
bench1,f260,Unrealizable
bench1,f261,Realizable
bench1,f262,Realizable
bench1,f263,Realizable
bench1,f264,Realizable
bench1,f265,Realizable
bench1,f266,Unrealizable
bench1,f267,Unrealizable
bench1,f268,Realizable
bench1,f269,Unrealizable
bench1,f270,Realizable
bench1,f271,Realizable
bench1,f272,Realizable
bench1,f273,Realizable
bench1,f274,Realizable
bench1,f275,Unrealizable
bench1,f276,Realizable
bench1,f277,Realizable
bench1,f278,Realizable
bench1,f279,Realizable
bench1,f280,Unrealizable
bench1,f281,Realizable
bench1,f282,Realizable
bench1,f283,Realizable
bench1,f284,Realizable
bench1,f285,Realizable
bench1,f286,Realizable
bench1,f287,Realizable
bench1,f288,Realizable
bench1,f289,Realizable
bench1,f290,Realizable
bench1,f291,Unrealizable
bench1,f292,Realizable
bench1,f293,Realizable
bench1,f294,Realizable
bench1,f295,Realizable
bench1,f296,Realizable
bench1,f297,Realizable
bench1,f298,Realizable
bench1,f299,Unrealizable
bench1,f300,Unrealizable
bench1,f301,Unrealizable
bench1,f302,Unrealizable
bench1,f303,Realizable
bench1,f304,Realizable
bench1,f305,Realizable
bench1,f306,Realizable
bench1,f307,Realizable
bench1,f308,Realizable
bench1,f309,Realizable
bench1,f310,Realizable
bench1,f311,Realizable
bench1,f312,Unrealizable
bench1,f313,Realizable
bench1,f314,Realizable
bench1,f315,Realizable
bench1,f316,Unrealizable
bench1,f317,Realizable
bench1,f318,Realizable
bench1,f319,Realizable
bench1,f320,Unrealizable
bench1,f321,Realizable
bench1,f322,Realizable
bench1,f323,Unrealizable
bench1,f324,Realizable
bench1,f325,Realizable
bench1,f326,Realizable
bench1,f327,Unrealizable
bench1,f328,Realizable
bench1,f329,Realizable
bench1,f330,Realizable
bench1,f331,Realizable
bench1,f332,Realizable
bench1,f333,Realizable
bench1,f334,Realizable
bench1,f335,Unrealizable
bench1,f336,Realizable
bench1,f337,Realizable
bench1,f338,Realizable
bench1,f339,Unrealizable
bench1,f340,Realizable
bench1,f341,Realizable
bench1,f342,Unrealizable
bench1,f343,Realizable
bench1,f344,Realizable
bench1,f345,Unrealizable
bench1,f346,Unrealizable
bench1,f347,Realizable
bench1,f348,Realizable
bench1,f349,Realizable
bench1,f350,Realizable
bench1,f351,Realizable
bench1,f352,Realizable
bench1,f353,Realizable
bench1,f354,Realizable
bench1,f355,Unrealizable
bench1,f356,Realizable
bench1,f357,Realizable
bench1,f358,Unrealizable
bench1,f359,Realizable
bench1,f360,Realizable
bench1,f361,Realizable
bench1,f362,Realizable
bench1,f363,Realizable
bench1,f364,Realizable
bench1,f365,Unrealizable
bench1,f366,Unrealizable
bench1,f367,Realizable
bench1,f368,Unrealizable
bench1,f369,Unrealizable
bench1,f370,Realizable
bench1,f371,Realizable
bench1,f372,Unrealizable
bench1,f373,Realizable
bench1,f374,Realizable
bench1,f375,Realizable
bench1,f376,Realizable
bench1,f377,Realizable
bench1,f378,Realizable
bench1,f379,Unrealizable
bench1,f380,Realizable
bench1,f381,Unrealizable
bench1,f382,Realizable
bench1,f383,Realizable
bench1,f384,Realizable
bench1,f385,Realizable
bench1,f386,Unrealizable
bench1,f387,Unrealizable
bench1,f388,Realizable
bench1,f389,Unrealizable
bench1,f390,Realizable
bench1,f391,Realizable
bench1,f392,Realizable
bench1,f393,Unrealizable
bench1,f394,Realizable
bench1,f395,Realizable
bench1,f396,Realizable
bench1,f397,Realizable
bench1,f398,Realizable
bench1,f399,Realizable
bench1,f400,Realizable
bench1,f401,Realizable
bench1,f402,Realizable
bench1,f403,Realizable
bench1,f404,Realizable
bench1,f405,Realizable
bench1,f406,Unrealizable
bench1,f407,Realizable
bench1,f408,Realizable
bench1,f409,Realizable
bench1,f410,Unrealizable
bench1,f411,Realizable
bench1,f412,Realizable
bench1,f413,Realizable
bench1,f414,Realizable
bench1,f415,Realizable
bench1,f416,Realizable
bench1,f417,Realizable
bench1,f418,Realizable
bench1,f419,Realizable
bench1,f420,Realizable
bench1,f421,Realizable
bench1,f422,Realizable
bench1,f423,Realizable
bench1,f424,Realizable
bench1,f425,Unrealizable
bench1,f426,Realizable
bench1,f427,Unrealizable
bench1,f428,Realizable
bench1,f429,Realizable
bench1,f430,Realizable
bench1,f431,Realizable
bench1,f432,Realizable
bench1,f433,Realizable
bench1,f434,Realizable
bench1,f435,Realizable
bench1,f436,Unrealizable
bench1,f437,Realizable
bench1,f438,Realizable
bench1,f439,Realizable
bench1,f440,Unrealizable
bench1,f441,Realizable
bench1,f442,Realizable
bench1,f443,Realizable
bench1,f444,Realizable
bench1,f445,Realizable
bench1,f446,Unrealizable
bench1,f447,Realizable
bench1,f448,Realizable
bench1,f449,Realizable
bench1,f450,Unrealizable
bench1,f451,Realizable
bench1,f452,Realizable
bench1,f453,Realizable
bench1,f454,Realizable
bench1,f455,Realizable
bench1,f456,Realizable
bench1,f457,Realizable
bench1,f458,Realizable
bench1,f459,Unrealizable
bench1,f460,Unrealizable
bench1,f461,Unrealizable
bench1,f462,Realizable
bench1,f463,Realizable
bench1,f464,Unrealizable
bench1,f465,Realizable
bench1,f466,Realizable
bench1,f467,Unrealizable
bench1,f468,Unrealizable
bench1,f469,Realizable
bench1,f470,Realizable
bench1,f471,Realizable
bench1,f472,Realizable
bench1,f473,Realizable
bench1,f474,Realizable
bench1,f475,Realizable
bench1,f476,Realizable
bench1,f477,Realizable
bench1,f478,Realizable
bench1,f479,Realizable
bench1,f480,Realizable
bench1,f481,Realizable
bench1,f482,Realizable
bench1,f483,Realizable
bench1,f484,Realizable
bench1,f485,Unrealizable
bench1,f486,Realizable
bench1,f487,Unrealizable
bench1,f488,Realizable
bench1,f489,Realizable
bench1,f490,Realizable
bench1,f491,Unrealizable
bench1,f492,Realizable
bench1,f493,Realizable
bench1,f494,Realizable
bench1,f495,Realizable
bench1,f496,Realizable
bench1,f497,Realizable
bench1,f498,Realizable
bench1,f499,Realizable
bench1,f500,Unrealizable
bench2,f1,Realizable
bench2,f2,Unrealizable
bench2,f3,Realizable
bench2,f4,Unrealizable
bench2,f5,Realizable
bench2,f6,Realizable
bench2,f7,Realizable
bench2,f8,Realizable
bench2,f9,Realizable
bench2,f10,Unrealizable
bench2,f11,Realizable
bench2,f12,Realizable
bench2,f13,Realizable
bench2,f14,Realizable
bench2,f15,Realizable
bench2,f16,Realizable
bench2,f17,Unrealizable
bench2,f18,Unrealizable
bench2,f19,Realizable
bench2,f20,Realizable
bench2,f21,Realizable
bench2,f22,Unrealizable
bench2,f23,Unrealizable
bench2,f24,Unrealizable
bench2,f25,Unrealizable
bench2,f26,Realizable
bench2,f27,Realizable
bench2,f28,Unrealizable
bench2,f29,Realizable
bench2,f30,Unrealizable
bench2,f31,Unrealizable
bench2,f32,Realizable
bench2,f33,Unrealizable
bench2,f34,Unrealizable
bench2,f35,Realizable
bench2,f36,Realizable
bench2,f37,Realizable
bench2,f38,Realizable
bench2,f39,Realizable
bench2,f40,Realizable
bench2,f41,Realizable
bench2,f42,Unrealizable
bench2,f43,Unrealizable
bench2,f44,Unrealizable
bench2,f45,Unrealizable
bench2,f46,Realizable
bench2,f47,Realizable
bench2,f48,Realizable
bench2,f49,Realizable
bench2,f50,Realizable
bench2,f51,Realizable
bench2,f52,Realizable
bench2,f53,Realizable
bench2,f54,Unrealizable
bench2,f55,Realizable
bench2,f56,Realizable
bench2,f57,Unrealizable
bench2,f58,Realizable
bench2,f59,Realizable
bench2,f60,Realizable
bench2,f61,Realizable
bench2,f62,Realizable
bench2,f63,Unrealizable
bench2,f64,Unrealizable
bench2,f65,Realizable
bench2,f66,Realizable
bench2,f67,Realizable
bench2,f68,Realizable
bench2,f69,Realizable
bench2,f70,Realizable
bench2,f71,Realizable
bench2,f72,Realizable
bench2,f73,Realizable
bench2,f74,Realizable
bench2,f75,Realizable
bench2,f76,Realizable
bench2,f77,Realizable
bench2,f78,Realizable
bench2,f79,Realizable
bench2,f80,Unrealizable
bench2,f81,Realizable
bench2,f82,Realizable
bench2,f83,Realizable
bench2,f84,Realizable
bench2,f85,Unrealizable
bench2,f86,Realizable
bench2,f87,Unrealizable
bench2,f88,Realizable
bench2,f89,Realizable
bench2,f90,Realizable
bench2,f91,Realizable
bench2,f92,Realizable
bench2,f93,Unrealizable
bench2,f94,Unrealizable
bench2,f95,Realizable
bench2,f96,Realizable
bench2,f97,Realizable
bench2,f98,Realizable
bench2,f99,Unrealizable
bench2,f100,Realizable
bench2,f101,Unrealizable
bench2,f102,Unrealizable
bench2,f103,Unrealizable
bench2,f104,Realizable
bench2,f105,Realizable
bench2,f106,Realizable
bench2,f107,Realizable
bench2,f108,Realizable
bench2,f109,Realizable
bench2,f110,Realizable
bench2,f111,Unrealizable
bench2,f112,Realizable
bench2,f113,Realizable
bench2,f114,Realizable
bench2,f115,Realizable
bench2,f116,Unrealizable
bench2,f117,Realizable
bench2,f118,Realizable
bench2,f119,Realizable
bench2,f120,Realizable
bench2,f121,Realizable
bench2,f122,Realizable
bench2,f123,Realizable
bench2,f124,Realizable
bench2,f125,Realizable
bench2,f126,Realizable
bench2,f127,Unrealizable
bench2,f128,Realizable
bench2,f129,Unrealizable
bench2,f130,Realizable
bench2,f131,Realizable
bench2,f132,Realizable
bench2,f133,Realizable
bench2,f134,Realizable
bench2,f135,Realizable
bench2,f136,Realizable
bench2,f137,Unrealizable
bench2,f138,Realizable
bench2,f139,Unrealizable
bench2,f140,Realizable
bench2,f141,Unrealizable
bench2,f142,Realizable
bench2,f143,Realizable
bench2,f144,Realizable
bench2,f145,Realizable
bench2,f146,Realizable
bench2,f147,Unrealizable
bench2,f148,Realizable
bench2,f149,Unrealizable
bench2,f150,Realizable
bench2,f151,Unrealizable
bench2,f152,Realizable
bench2,f153,Realizable
bench2,f154,Unrealizable
bench2,f155,Unrealizable
bench2,f156,Realizable
bench2,f157,Unrealizable
bench2,f158,Realizable
bench2,f159,Realizable
bench2,f160,Realizable
bench2,f161,Realizable
bench2,f162,Realizable
bench2,f163,Unrealizable
bench2,f164,Realizable
bench2,f165,Realizable
bench2,f166,Realizable
bench2,f167,Realizable
bench2,f168,Realizable
bench2,f169,Realizable
bench2,f170,Unrealizable
bench2,f171,Realizable
bench2,f172,Realizable
bench2,f173,Realizable
bench2,f174,Realizable
bench2,f175,Realizable
bench2,f176,Realizable
bench2,f177,Realizable
bench2,f178,Realizable
bench2,f179,Realizable
bench2,f180,Realizable
bench2,f181,Realizable
bench2,f182,Realizable
bench2,f183,Realizable
bench2,f184,Unrealizable
bench2,f185,Realizable
bench2,f186,Realizable
bench2,f187,Realizable
bench2,f188,Realizable
bench2,f189,Realizable
bench2,f190,Realizable
bench2,f191,Realizable
bench2,f192,Realizable
bench2,f193,Realizable
bench2,f194,Realizable
bench2,f195,Realizable
bench2,f196,Realizable
bench2,f197,Realizable
bench2,f198,Unrealizable
bench2,f199,Realizable
bench2,f200,Realizable
bench2,f201,Unrealizable
bench2,f202,Realizable
bench2,f203,Unrealizable
bench2,f204,Realizable
bench2,f205,Realizable
bench2,f206,Realizable
bench2,f207,Realizable
bench2,f208,Realizable
bench2,f209,Realizable
bench2,f210,Realizable
bench2,f211,Unrealizable
bench2,f212,Realizable
bench2,f213,Unrealizable
bench2,f214,Realizable
bench2,f215,Realizable
bench2,f216,Unrealizable
bench2,f217,Unrealizable
bench2,f218,Realizable
bench2,f219,Realizable
bench2,f220,Realizable
bench2,f221,Realizable
bench2,f222,Unrealizable
bench2,f223,Realizable
bench2,f224,Realizable
bench2,f225,Unrealizable
bench2,f226,Realizable
bench2,f227,Realizable
bench2,f228,Realizable
bench2,f229,Unrealizable
bench2,f230,Realizable
bench2,f231,Realizable
bench2,f232,Realizable
bench2,f233,Realizable
bench2,f234,Realizable
bench2,f235,Unrealizable
bench2,f236,Unrealizable
bench2,f237,Realizable
bench2,f238,Realizable
bench2,f239,Realizable
bench2,f240,Unrealizable
bench2,f241,Realizable
bench2,f242,Realizable
bench2,f243,Unrealizable
bench2,f244,Realizable
bench2,f245,Unrealizable
bench2,f246,Realizable
bench2,f247,Unrealizable
bench2,f248,Unrealizable
bench2,f249,Realizable
bench2,f250,Unrealizable
bench2,f251,Unrealizable
bench2,f252,Realizable
bench2,f253,Realizable
bench2,f254,Realizable
bench2,f255,Realizable
bench2,f256,Unrealizable
bench2,f257,Realizable
bench2,f258,Realizable
bench2,f259,Realizable
bench2,f260,Realizable
bench2,f261,Realizable
bench2,f262,Unrealizable
bench2,f263,Realizable
bench2,f264,Realizable
bench2,f265,Unrealizable
bench2,f266,Unrealizable
bench2,f267,Realizable
bench2,f268,Unrealizable
bench2,f269,Realizable
bench2,f270,Realizable
bench2,f271,Realizable
bench2,f272,Unrealizable
bench2,f273,Realizable
bench2,f274,Realizable
bench2,f275,Unrealizable
bench2,f276,Realizable
bench2,f277,Realizable
bench2,f278,Realizable
bench2,f279,Unrealizable
bench2,f280,Realizable
bench2,f281,Realizable
bench2,f282,Unrealizable
bench2,f283,Realizable
bench2,f284,Realizable
bench2,f285,Realizable
bench2,f286,Unrealizable
bench2,f287,Realizable
bench2,f288,Realizable
bench2,f289,Unrealizable
bench2,f290,Realizable
bench2,f291,Realizable
bench2,f292,Realizable
bench2,f293,Realizable
bench2,f294,Realizable
bench2,f295,Realizable
bench2,f296,Unrealizable
bench2,f297,Unrealizable
bench2,f298,Unrealizable
bench2,f299,Unrealizable
bench2,f300,Realizable
bench2,f301,Realizable
bench2,f302,Realizable
bench2,f303,Unrealizable
bench2,f304,Realizable
bench2,f305,Realizable
bench2,f306,Unrealizable
bench2,f307,Realizable
bench2,f308,Realizable
bench2,f309,Realizable
bench2,f310,Unrealizable
bench2,f311,Unrealizable
bench2,f312,Realizable
bench2,f313,Realizable
bench2,f314,Realizable
bench2,f315,Realizable
bench2,f316,Realizable
bench2,f317,Realizable
bench2,f318,Realizable
bench2,f319,Realizable
bench2,f320,Realizable
bench2,f321,Realizable
bench2,f322,Unrealizable
bench2,f323,Realizable
bench2,f324,Realizable
bench2,f325,Realizable
bench2,f326,Realizable
bench2,f327,Realizable
bench2,f328,Realizable
bench2,f329,Realizable
bench2,f330,Realizable
bench2,f331,Unrealizable
bench2,f332,Realizable
bench2,f333,Unrealizable
bench2,f334,Realizable
bench2,f335,Realizable
bench2,f336,Unrealizable
bench2,f337,Unrealizable
bench2,f338,Realizable
bench2,f339,Realizable
bench2,f340,Unrealizable
bench2,f341,Realizable
bench2,f342,Unrealizable
bench2,f343,Realizable
bench2,f344,Realizable
bench2,f345,Realizable
bench2,f346,Realizable
bench2,f347,Unrealizable
bench2,f348,Realizable
bench2,f349,Realizable
bench2,f350,Realizable
bench2,f351,Realizable
bench2,f352,Unrealizable
bench2,f353,Realizable
bench2,f354,Realizable
bench2,f355,Realizable
bench2,f356,Realizable
bench2,f357,Realizable
bench2,f358,Realizable
bench2,f359,Unrealizable
bench2,f360,Realizable
bench2,f361,Realizable
bench2,f362,Realizable
bench2,f363,Realizable
bench2,f364,Realizable
bench2,f365,Realizable
bench2,f366,Realizable
bench2,f367,Realizable
bench2,f368,Realizable
bench2,f369,Realizable
bench2,f370,Realizable
bench2,f371,Realizable
bench2,f372,Realizable
bench2,f373,Realizable
bench2,f374,Realizable
bench2,f375,Realizable
bench2,f376,Realizable
bench2,f377,Realizable
bench2,f378,Unrealizable
bench2,f379,Unrealizable
bench2,f380,Realizable
bench2,f381,Realizable
bench2,f382,Realizable
bench2,f383,Unrealizable
bench2,f384,Realizable
bench2,f385,Realizable
bench2,f386,Unrealizable
bench2,f387,Realizable
bench2,f388,Realizable
bench2,f389,Realizable
bench2,f390,Unrealizable
bench2,f391,Unrealizable
bench2,f392,Realizable
bench2,f393,Realizable
bench2,f394,Realizable
bench2,f395,Realizable
bench2,f396,Realizable
bench2,f397,Unrealizable
bench2,f398,Realizable
bench2,f399,Realizable
bench2,f400,Unrealizable
bench2,f401,Unrealizable
bench2,f402,Realizable
bench2,f403,Realizable
bench2,f404,Realizable
bench2,f405,Unrealizable
bench2,f406,Realizable
bench2,f407,Realizable
bench2,f408,Realizable
bench2,f409,Unrealizable
bench2,f410,Realizable
bench2,f411,Realizable
bench2,f412,Realizable
bench2,f413,Realizable
bench2,f414,Realizable
bench2,f415,Realizable
bench2,f416,Realizable
bench2,f417,Realizable
bench2,f418,Realizable
bench2,f419,Realizable
bench2,f420,Unrealizable
bench2,f421,Realizable
bench2,f422,Realizable
bench2,f423,Unrealizable
bench2,f424,Unrealizable
bench2,f425,Realizable
bench2,f426,Unrealizable
bench2,f427,Realizable
bench2,f428,Realizable
bench2,f429,Realizable
bench2,f430,Realizable
bench2,f431,Realizable
bench2,f432,Realizable
bench2,f433,Realizable
bench2,f434,Realizable
bench2,f435,Realizable
bench2,f436,Realizable
bench2,f437,Unrealizable
bench2,f438,Unrealizable
bench2,f439,Unrealizable
bench2,f440,Realizable
bench2,f441,Realizable
bench2,f442,Unrealizable
bench2,f443,Unrealizable
bench2,f444,Realizable
bench2,f445,Realizable
bench2,f446,Realizable
bench2,f447,Realizable
bench2,f448,Realizable
bench2,f449,Realizable
bench2,f450,Realizable
bench2,f451,Unrealizable
bench2,f452,Realizable
bench2,f453,Realizable
bench2,f454,Unrealizable
bench2,f455,Unrealizable
bench2,f456,Unrealizable
bench2,f457,Realizable
bench2,f458,Realizable
bench2,f459,Realizable
bench2,f460,Realizable
bench2,f461,Realizable
bench2,f462,Realizable
bench2,f463,Realizable
bench2,f464,Realizable
bench2,f465,Realizable
bench2,f466,Realizable
bench2,f467,Unrealizable
bench2,f468,Realizable
bench2,f469,Realizable
bench2,f470,Realizable
bench2,f471,Realizable
bench2,f472,Realizable
bench2,f473,Realizable
bench2,f474,Unrealizable
bench2,f475,Realizable
bench2,f476,Realizable
bench2,f477,Realizable
bench2,f478,Unrealizable
bench2,f479,Realizable
bench2,f480,Realizable
bench2,f481,Unrealizable
bench2,f482,Realizable
bench2,f483,Unrealizable
bench2,f484,Realizable
bench2,f485,Realizable
bench2,f486,Unrealizable
bench2,f487,Realizable
bench2,f488,Realizable
bench2,f489,Realizable
bench2,f490,Realizable
bench2,f491,Realizable
bench2,f492,Realizable
bench2,f493,Unrealizable
bench2,f494,Unrealizable
bench2,f495,Realizable
bench2,f496,Realizable
bench2,f497,Realizable
bench2,f498,Realizable
bench2,f499,Realizable
bench2,f500,Unrealizable